Gender,Face_Shape,Hair_Type,Recommended_Style,Description
female,round,straight,Long Layered Cut,"Creates length while minimizing width, perfect for balancing round faces"
female,round,straight,Side-Swept Bangs,"Asymmetrical look that helps elongate the face"
female,round,straight,A-Line Bob,"Angled cut that adds definition to soften round features"
female,round,straight,High Ponytail,"Draws attention upward and creates the illusion of a longer face"
female,round,straight,Sleek Mid-Length Cut,"Straight and sleek cut that helps elongate the face shape"
female,round,wavy,Beach Waves with Layers,"Creates vertical movement to elongate the face"
female,round,wavy,Long Wavy Layers,"Softens features while creating length"
female,round,wavy,Side-Parted Waves,"Asymmetrical style that breaks up roundness"
female,round,wavy,Wavy Lob with Layers,"Medium length that balances facial proportions"
female,round,wavy,Textured Shoulder-Length Cut,"Adds dimension while maintaining manageability"
female,round,curly,Layered Curly Cut,"Adds height and reduces width around cheeks"
female,round,curly,Curly Pixie Cut,"Short but voluminous style that elongates the face"
female,round,curly,Long Curly Layers,"Creates vertical lines that slim the face"
female,round,curly,Curly Bob with Volume,"Balanced style that frames the face beautifully"
female,round,curly,Side-Parted Curly Style,"Asymmetrical look that breaks up roundness"
female,square,straight,"Long layers with side part,Soft wispy bangs,Medium length with layers,Long bob with side sweep,Textured ends"
female,square,wavy,"Soft waves with layers,Beach waves,Side-swept wavy style,Textured wavy bob,Face-framing waves"
female,square,curly,"Voluminous curls,Layered curly cut,Curly bangs,Shoulder-length curls,Curly bob with layers"
female,square,kinky,"Shaped afro,Twist out styles,Bantu knots,Puff with defined edges,Tapered sides with volume"
female,square,dreadlocks,"Shoulder-length locs,Side-swept locs style,Layered locs,High bun style,Face-framing locs"
female,heart,straight,"Side-swept bangs,Chin-length bob,Long layers,Medium length with bangs,Textured lob"
female,heart,wavy,"Wavy bob with bangs,Beach waves,Shoulder-length waves,Layered wavy cut,Face-framing waves"
female,heart,curly,"Curly bangs,Layered curly cut,Shoulder-length curls,Curly bob,Volume on sides"
female,heart,kinky,"Shaped afro with sides,Tapered cut,Twist out with volume,Defined coils,Side-swept bantu knots"
female,heart,dreadlocks,"Chin-length locs,Side-swept style,Layered locs cut,Face-framing locs,Styled with volume"
male,round,straight,"Textured crop,Side part with fade,Pompadour,Quiff with fade,Short sides long top"
male,round,wavy,"Textured quiff,Side swept with texture,Modern pompadour,Wavy crop,Faded sides with wavy top"
male,round,curly,"Curly fringe,High fade with curls,Textured curly crop,Curly quiff,Low fade with curly top"
male,round,kinky,"High fade with twists,Shaped afro,Temple fade with texture,Low fade with sponge twists,Tapered sides with height"
male,round,dreadlocks,"High fade with locs,Pulled back locs,Short locs with fade,Styled up locs,Side-swept short locs"
male,oval,straight,Classic Taper Fade,"Clean and professional style that complements oval/oblong face shape"
male,oval,straight,Textured Quiff,"Adds volume and texture while maintaining balanced proportions"
male,oval,straight,Slick Back,"Elongates the face while maintaining a sleek appearance"
male,oval,straight,Modern Pompadour,"Creates height and dimension that works perfectly with oval faces"
male,oval,straight,Side Part with Fade,"Classic style that adds structure and definition"
male,oval,wavy,"Modern quiff,Wavy textured crop,Side part with waves,Faded sides with wavy top,Classic wavy style"
male,oval,curly,"Curly fade,Natural curls with fade,Curly quiff,High fade with curls,Textured curly top"
male,oval,kinky,"High fade with twists,Temple fade with afro,Low fade with sponge twists,Tapered afro,Shaped high top"
male,oval,dreadlocks,"Faded sides with locs,Man bun with locs,Short locs with fade,Styled locs with taper,High fade with locs"
male,square,straight,"Buzz cut with fade,Crew cut,Textured crop,Short quiff,Classic side part"
male,square,wavy,"Textured crop with fade,Modern quiff,Wavy fringe,Side part with texture,Faded sides with wavy top"
male,square,curly,"High fade with curls,Curly fringe,Natural curls with fade,Curly quiff,Low fade with texture"
male,square,kinky,"High fade with twists,Shaped afro with fade,Temple fade,Low fade with sponge twists,Box fade"
male,square,dreadlocks,"High fade with locs,Short locs with fade,Styled locs with taper,Man bun,Side-swept locs"
male,heart,straight,Medium Length Textured,"Balances facial proportions while adding width at the jawline"
male,heart,straight,Side Swept with Length,"Creates asymmetry that complements heart-shaped faces"
male,heart,straight,Textured Fringe,"Softens the forehead while adding structure to the lower face"
male,heart,straight,Medium Quiff,"Adds volume to balance the jawline while maintaining proportion"
male,heart,straight,Classic Side Part,"Timeless style that works well with heart-shaped faces"
male,heart,wavy,Wavy Medium Length,"Perfect balance of texture and length to complement heart-shaped features"
male,heart,wavy,Textured Waves with Volume,"Adds width at the jawline while maintaining natural wave pattern"
male,heart,wavy,Side Part with Waves,"Creates asymmetry that balances facial proportions"
male,heart,wavy,Modern Quiff,"Stylish volume on top that complements your face shape"
male,heart,wavy,Wavy Fringe,"Softens the forehead while showcasing natural texture"
male,heart,curly,Medium Curly Top,"Balances facial features with natural curly volume"
male,heart,curly,Curly Fringe with Fade,"Modern style that suits heart-shaped faces perfectly"
male,heart,curly,Natural Curls with Volume,"Embraces natural texture while adding width where needed"
male,heart,curly,Curly Quiff,"Adds height and structure to balance facial proportions"
male,heart,curly,Low Fade with Curls,"Clean sides with curly volume on top for perfect balance"
male,heart,kinky,Medium Length Twists,"Creates balanced volume and frames the face beautifully"
male,heart,kinky,Shaped Afro with Volume,"Adds width at the sides while maintaining height"
male,heart,kinky,High Fade with Texture,"Modern cut that complements heart-shaped features"
male,heart,kinky,Sponge Twisted Top,"Adds texture and volume in all the right places"
male,heart,kinky,Tapered Sides with Height,"Clean sides with height on top for perfect proportion"
male,heart,dreadlocks,Medium Length Locs,"Perfect length to frame and balance facial features"
male,heart,dreadlocks,High Fade with Locs,"Modern style that adds structure and definition"
male,heart,dreadlocks,Styled Locs with Volume,"Creates width where needed while showcasing locs"
male,heart,dreadlocks,Man Bun with Fade,"Versatile style that works great with heart-shaped faces"
male,heart,dreadlocks,Face-Framing Locs,"Strategic placement of locs to enhance your features"
